Group_Type,Group_Name,Sample_Size,Latency_Breakpoint_ms,Pre_Slope,Post_Slope,R2_Gain,F_Statistic
Pooled,All Data,100000,41.216,0.0129050542644208,-0.25090730537748734,1.0532233285901093e-05,1.0532028244680962
Operation_Mode,Active,70054,20.693000000000005,0.21234830476320743,-0.0939696464490401,6.156160918982765e-05,4.312717783203333
Operation_Mode,Idle,20057,27.547960000000007,-0.256313066153417,0.04140418138950375,6.382254226548273e-05,1.2799789541028879
Operation_Mode,Maintenance,9889,25.496,-0.27216476698446707,0.38754958020373015,0.0003274465230097625,3.23819666271254
Machine_ID,Machine_1,1916,39.5932,0.08837280444065312,-1.2844809612301098,0.00040521544723243804,0.7754913916467451
Machine_ID,Machine_2,2041,32.382,-0.18573318347232615,1.0999537810515574,0.000979228180659058,1.9976231610768236
Machine_ID,Machine_3,2001,29.298,0.5437169954457166,-0.45401642989029445,0.0007369056020814264,1.4734231667445006
Machine_ID,Machine_4,2004,44.48814000000001,0.12293260979700923,3.739252602516712,0.0006076180020163352,1.2165828396690137
Machine_ID,Machine_5,2043,28.0455,-0.6503427657641945,0.5989689211910778,0.0010533120741049562,2.151022328964878
Machine_ID,Machine_6,1934,45.865100000000005,0.46975845941702904,-8.165548259591668,0.0018470780283105304,3.573307851087768
Machine_ID,Machine_7,1965,44.986000000000004,-0.22702888558848427,3.358917042977668,0.0004525382430238821,0.8882820143949607
Machine_ID,Machine_8,1967,6.445600000000001,5.830173939854275,-0.27157285247401575,0.001564387851669286,3.0772717872787814
Machine_ID,Machine_9,1991,23.4905,0.49654462813798683,-0.8274538023753124,0.001334616379414949,2.6567631218555725
Machine_ID,Machine_10,2022,13.210320000000001,0.9989833176001084,-0.5245772652448892,0.0006966056016825609,1.4074271314207982
