Group,Sample_Size,Feature_X,Feature_Y,Pearson_r,Pearson_p_value,Spearman_rho,Spearman_p_value
Pooled,100000,Network_Latency_ms,Production_Speed_units_per_hr,-0.0010496586330944707,0.7399442711524317,-0.0010683812757225173,0.7354779637645121
Pooled,100000,Network_Latency_ms,Error_Rate_%,9.808559907956225e-05,0.9752559803772334,9.187079418525135e-05,0.9768233310851433
Pooled,100000,Network_Latency_ms,Quality_Control_Defect_Rate_%,-0.004356115380632589,0.16835340452138095,-0.004371939925224774,0.1668126705793904
Pooled,100000,Packet_Loss_%,Quality_Control_Defect_Rate_%,-0.004896881181666954,0.12149721690377611,-0.0049207788217968925,0.1196898161823041
Pooled,100000,Packet_Loss_%,Error_Rate_%,-0.002406773081347312,0.4466092476556183,-0.0024026619103499998,0.4473860952382237
Pooled,100000,Packet_Loss_%,Production_Speed_units_per_hr,-0.007118679907857109,0.02437764517591259,-0.00710659010625936,0.024620771695707408
Active,70054,Network_Latency_ms,Production_Speed_units_per_hr,0.0015505335034778553,0.6815244787952681,0.0015252921587351035,0.6864311106546624
Active,70054,Network_Latency_ms,Error_Rate_%,0.001615057538907955,0.6690432236664012,0.0016010329215033463,0.671748467252849
Active,70054,Network_Latency_ms,Quality_Control_Defect_Rate_%,-0.008600889593540259,0.02281846048676492,-0.008612335201237631,0.02263795175566771
Active,70054,Packet_Loss_%,Quality_Control_Defect_Rate_%,-0.007685011901961801,0.041947474179879755,-0.007710452672033488,0.04127323167934763
Active,70054,Packet_Loss_%,Error_Rate_%,-0.002481828991015734,0.511262745121563,-0.0024660690559111,0.5139487325152992
Active,70054,Packet_Loss_%,Production_Speed_units_per_hr,-0.007168654841266543,0.05777915669710551,-0.00715259914113078,0.05834190324509601
Idle,20057,Network_Latency_ms,Production_Speed_units_per_hr,-0.013572006540283094,0.054596515903363854,-0.013672311121123784,0.05283342254736287
Idle,20057,Network_Latency_ms,Error_Rate_%,-0.0063503159357163295,0.3684917439893907,-0.0064135847068137975,0.36373973013913097
Idle,20057,Network_Latency_ms,Quality_Control_Defect_Rate_%,0.007127344615405351,0.3128096994998176,0.0071357638533812535,0.3122384186166255
Idle,20057,Packet_Loss_%,Quality_Control_Defect_Rate_%,0.0020017169749593734,0.7768156135125835,0.0019833648526152974,0.7788083230253771
Idle,20057,Packet_Loss_%,Error_Rate_%,0.00042075879933208124,0.9524859247759444,0.00044078446860522564,0.950227400075828
Idle,20057,Packet_Loss_%,Production_Speed_units_per_hr,-0.01143863182388911,0.10524894980914982,-0.011507017773180426,0.1031844261023284
Maintenance,9889,Network_Latency_ms,Production_Speed_units_per_hr,0.006262857944485516,0.5334635510242436,0.006138239513608821,0.541639049323518
Maintenance,9889,Network_Latency_ms,Error_Rate_%,0.002443103382498552,0.8080671524408914,0.0023375480313197286,0.816208106784407
Maintenance,9889,Network_Latency_ms,Quality_Control_Defect_Rate_%,0.0024868595563522188,0.8046984868458122,0.0023155961714093213,0.8179036688168322
Maintenance,9889,Packet_Loss_%,Quality_Control_Defect_Rate_%,0.000942194016623824,0.9253608148116297,0.0010170843473446313,0.9194475664579949
Maintenance,9889,Packet_Loss_%,Error_Rate_%,-0.007573230122844872,0.4514356498995893,-0.00735241649343836,0.4647381524636288
Maintenance,9889,Packet_Loss_%,Production_Speed_units_per_hr,0.0022363378866456706,0.8240326176195627,0.002106316079135846,0.8341101596346417
