Machine_ID,Operation_Mode,Target_Variable,Predictor_Variable,Lag,Sample_Size,Stationary_Target,Stationary_Predictor,F_Statistic,P_Value_Raw,P_Value_Adj_BH,Significant_FDR
1,Active,Production_Speed_units_per_hr,Network_Latency_ms,1,1336,True,True,0.0015832328940742827,0.9682666238328501,0.9972740814603742,False
1,Active,Production_Speed_units_per_hr,Network_Latency_ms,2,1336,True,True,0.24434655904412175,0.7832513346845429,0.9919199540877836,False
1,Active,Production_Speed_units_per_hr,Network_Latency_ms,3,1336,True,True,0.2590138291286387,0.854934600828135,0.9972740814603742,False
1,Idle,Production_Speed_units_per_hr,Network_Latency_ms,1,390,True,True,2.12436041488369,0.14578634430488768,0.8526615618131408,False
1,Idle,Production_Speed_units_per_hr,Network_Latency_ms,2,390,True,True,1.1838704272371232,0.307209288515498,0.8526615618131408,False
1,Idle,Production_Speed_units_per_hr,Network_Latency_ms,3,390,True,True,0.7575799629020638,0.5184958964862142,0.912618525541848,False
1,Maintenance,Production_Speed_units_per_hr,Network_Latency_ms,1,190,True,True,2.2600463487219584,0.1344460804215802,0.8526615618131408,False
1,Maintenance,Production_Speed_units_per_hr,Network_Latency_ms,2,190,True,True,0.7908494618095381,0.45500298132155864,0.9007188433479376,False
1,Maintenance,Production_Speed_units_per_hr,Network_Latency_ms,3,190,True,True,0.577738967386527,0.6303506536250341,0.9330848491160043,False
2,Active,Production_Speed_units_per_hr,Network_Latency_ms,1,1434,True,True,0.0014308016938758402,0.9698317421528887,0.9972740814603742,False
2,Active,Production_Speed_units_per_hr,Network_Latency_ms,2,1434,True,True,0.04849753770598488,0.9526612551548962,0.9972740814603742,False
2,Active,Production_Speed_units_per_hr,Network_Latency_ms,3,1434,True,True,0.02543107210941451,0.9945192847753763,0.9972740814603742,False
2,Idle,Production_Speed_units_per_hr,Network_Latency_ms,1,424,True,True,0.776505141415879,0.37871611292485036,0.8807491617660375,False
2,Idle,Production_Speed_units_per_hr,Network_Latency_ms,2,424,True,True,0.5074884814105867,0.6023769487519157,0.9219657509161344,False
2,Idle,Production_Speed_units_per_hr,Network_Latency_ms,3,424,True,True,0.2878264197027609,0.834196921171788,0.9972740814603742,False
2,Maintenance,Production_Speed_units_per_hr,Network_Latency_ms,1,183,True,True,0.0031629417467894435,0.9552133133243977,0.9972740814603742,False
2,Maintenance,Production_Speed_units_per_hr,Network_Latency_ms,2,183,True,True,0.16090873396465918,0.8514948716963123,0.9972740814603742,False
2,Maintenance,Production_Speed_units_per_hr,Network_Latency_ms,3,183,True,True,0.11816433742316731,0.949343106016149,0.9972740814603742,False
3,Active,Production_Speed_units_per_hr,Network_Latency_ms,1,1369,True,True,0.3920150440175,0.5313467859821426,0.912618525541848,False
3,Active,Production_Speed_units_per_hr,Network_Latency_ms,2,1369,True,True,0.26128939354123715,0.7700966288719054,0.9883559526702842,False
3,Active,Production_Speed_units_per_hr,Network_Latency_ms,3,1369,True,True,0.4372967540538633,0.7263472715343037,0.9629085482501581,False
3,Idle,Production_Speed_units_per_hr,Network_Latency_ms,1,433,True,True,1.0502194191274317,0.3060340602560957,0.8526615618131408,False
3,Idle,Production_Speed_units_per_hr,Network_Latency_ms,2,433,True,True,0.3962819888386389,0.6730647060247825,0.9428598899731273,False
3,Idle,Production_Speed_units_per_hr,Network_Latency_ms,3,433,True,True,1.7376609796024793,0.1585892304605264,0.8526615618131408,False
3,Maintenance,Production_Speed_units_per_hr,Network_Latency_ms,1,199,True,True,0.4999108026768675,0.48038338311890005,0.9007188433479376,False
3,Maintenance,Production_Speed_units_per_hr,Network_Latency_ms,2,199,True,True,0.31862639972904855,0.7275309031223417,0.9629085482501581,False
3,Maintenance,Production_Speed_units_per_hr,Network_Latency_ms,3,199,True,True,0.6890982067637009,0.5597422382469701,0.9219657509161344,False
4,Active,Production_Speed_units_per_hr,Network_Latency_ms,1,1424,True,True,0.2933269874656882,0.5881813277519398,0.9219657509161344,False
4,Active,Production_Speed_units_per_hr,Network_Latency_ms,2,1424,True,True,0.19238940904787763,0.8250070950573497,0.9972740814603742,False
4,Active,Production_Speed_units_per_hr,Network_Latency_ms,3,1424,True,True,0.7020137172834879,0.5508578153060396,0.9219657509161344,False
4,Idle,Production_Speed_units_per_hr,Network_Latency_ms,1,383,True,True,7.291471436344749,0.007238901497038261,0.4071882092084022,False
4,Idle,Production_Speed_units_per_hr,Network_Latency_ms,2,383,True,True,3.729533764789539,0.024896633121820777,0.7457856818197149,False
4,Idle,Production_Speed_units_per_hr,Network_Latency_ms,3,383,True,True,2.520171919746608,0.057689193449802625,0.7457856818197149,False
4,Maintenance,Production_Speed_units_per_hr,Network_Latency_ms,1,197,True,True,0.3718604024752406,0.542709205583759,0.9219657509161344,False
4,Maintenance,Production_Speed_units_per_hr,Network_Latency_ms,2,197,True,True,0.7039153836121091,0.4959300866731237,0.9061492998197783,False
4,Maintenance,Production_Speed_units_per_hr,Network_Latency_ms,3,197,True,True,0.6322064890710097,0.5951016769283635,0.9219657509161344,False
5,Active,Production_Speed_units_per_hr,Network_Latency_ms,1,1436,True,True,0.0007014406980655784,0.9788744065856715,0.9972740814603742,False
5,Active,Production_Speed_units_per_hr,Network_Latency_ms,2,1436,True,True,0.00888619138754027,0.9911532288908884,0.9972740814603742,False
5,Active,Production_Speed_units_per_hr,Network_Latency_ms,3,1436,True,True,0.33921288789371556,0.7969855684998589,0.9966862673509089,False
5,Idle,Production_Speed_units_per_hr,Network_Latency_ms,1,383,True,True,0.2699982158695074,0.6036362982445285,0.9219657509161344,False
5,Idle,Production_Speed_units_per_hr,Network_Latency_ms,2,383,True,True,0.4676389478800137,0.6268435453885061,0.9330848491160043,False
5,Idle,Production_Speed_units_per_hr,Network_Latency_ms,3,383,True,True,0.31627913008951575,0.8136136084420683,0.9972740814603742,False
5,Maintenance,Production_Speed_units_per_hr,Network_Latency_ms,1,224,True,True,1.131451346578835,0.28863210418991975,0.8526615618131408,False
5,Maintenance,Production_Speed_units_per_hr,Network_Latency_ms,2,224,True,True,2.4341087165224047,0.09006652596558848,0.8526615618131408,False
5,Maintenance,Production_Speed_units_per_hr,Network_Latency_ms,3,224,True,True,2.1221816151950845,0.09839709352713438,0.8526615618131408,False
6,Active,Production_Speed_units_per_hr,Network_Latency_ms,1,1364,True,True,0.26158430661507426,0.6091168237638439,0.9219657509161344,False
6,Active,Production_Speed_units_per_hr,Network_Latency_ms,2,1364,True,True,0.5550878481744262,0.5741521142351673,0.9219657509161344,False
6,Active,Production_Speed_units_per_hr,Network_Latency_ms,3,1364,True,True,0.6881352318705737,0.5593127893278096,0.9219657509161344,False
6,Idle,Production_Speed_units_per_hr,Network_Latency_ms,1,398,True,True,1.344955817134241,0.24686418831715376,0.8526615618131408,False
6,Idle,Production_Speed_units_per_hr,Network_Latency_ms,2,398,True,True,0.5235414325129333,0.5928335150846592,0.9219657509161344,False
6,Idle,Production_Speed_units_per_hr,Network_Latency_ms,3,398,True,True,0.47610959790929813,0.6990918744419783,0.9481212108756906,False
6,Maintenance,Production_Speed_units_per_hr,Network_Latency_ms,1,172,True,True,2.2818684477330087,0.13277269500332076,0.8526615618131408,False
6,Maintenance,Production_Speed_units_per_hr,Network_Latency_ms,2,172,True,True,2.299936048197956,0.10347131412164655,0.8526615618131408,False
6,Maintenance,Production_Speed_units_per_hr,Network_Latency_ms,3,172,True,True,1.810560774088324,0.1473187861352392,0.8526615618131408,False
7,Active,Production_Speed_units_per_hr,Network_Latency_ms,1,1373,True,True,3.0793711330484026,0.07951486185136865,0.8132201780253612,False
7,Active,Production_Speed_units_per_hr,Network_Latency_ms,2,1373,True,True,1.5666306398444318,0.20912216969362438,0.8526615618131408,False
7,Active,Production_Speed_units_per_hr,Network_Latency_ms,3,1373,True,True,1.4092747070125622,0.23838625868768146,0.8526615618131408,False
7,Idle,Production_Speed_units_per_hr,Network_Latency_ms,1,395,True,True,5.011893480464044,0.025735741820964372,0.7457856818197149,False
7,Idle,Production_Speed_units_per_hr,Network_Latency_ms,2,395,True,True,3.097181731122931,0.04629511987647435,0.7457856818197149,False
7,Idle,Production_Speed_units_per_hr,Network_Latency_ms,3,395,True,True,2.489232863345483,0.06002950592447612,0.7457856818197149,False
7,Maintenance,Production_Speed_units_per_hr,Network_Latency_ms,1,197,True,True,4.060479020288562,0.045285471561448916,0.7457856818197149,False
7,Maintenance,Production_Speed_units_per_hr,Network_Latency_ms,2,197,True,True,2.1925559497804334,0.11444773247349088,0.8526615618131408,False
7,Maintenance,Production_Speed_units_per_hr,Network_Latency_ms,3,197,True,True,1.547456150141509,0.20372324355682658,0.8526615618131408,False
8,Active,Production_Speed_units_per_hr,Network_Latency_ms,1,1370,True,True,1.2284522879420712,0.267903349426534,0.8526615618131408,False
8,Active,Production_Speed_units_per_hr,Network_Latency_ms,2,1370,True,True,0.6330890284634323,0.5311052045883281,0.912618525541848,False
8,Active,Production_Speed_units_per_hr,Network_Latency_ms,3,1370,True,True,0.5059264379745589,0.678239458823349,0.9428598899731273,False
8,Idle,Production_Speed_units_per_hr,Network_Latency_ms,1,394,True,True,0.41276157831696964,0.5209486445077074,0.912618525541848,False
8,Idle,Production_Speed_units_per_hr,Network_Latency_ms,2,394,True,True,0.8136114824689864,0.4440110800478109,0.9007188433479376,False
8,Idle,Production_Speed_units_per_hr,Network_Latency_ms,3,394,True,True,2.492069379297396,0.05981046260988378,0.7457856818197149,False
8,Maintenance,Production_Speed_units_per_hr,Network_Latency_ms,1,203,True,True,0.36422318163897,0.5468573683182562,0.9219657509161344,False
8,Maintenance,Production_Speed_units_per_hr,Network_Latency_ms,2,203,True,True,0.4173379077500764,0.6593822973077523,0.9428598899731273,False
8,Maintenance,Production_Speed_units_per_hr,Network_Latency_ms,3,203,True,True,0.2860933061634409,0.8354076733953036,0.9972740814603742,False
9,Active,Production_Speed_units_per_hr,Network_Latency_ms,1,1369,True,True,2.460532974660507,0.11697093474764972,0.8526615618131408,False
9,Active,Production_Speed_units_per_hr,Network_Latency_ms,2,1369,True,True,1.3520550641256788,0.2590550594176865,0.8526615618131408,False
9,Active,Production_Speed_units_per_hr,Network_Latency_ms,3,1369,True,True,1.2474268283887269,0.29111973091000376,0.8526615618131408,False
9,Idle,Production_Speed_units_per_hr,Network_Latency_ms,1,430,True,True,0.07014293791409902,0.7912568731412299,0.9966862673509089,False
9,Idle,Production_Speed_units_per_hr,Network_Latency_ms,2,430,True,True,0.07884601496706826,0.9241958028510402,0.9972740814603742,False
9,Idle,Production_Speed_units_per_hr,Network_Latency_ms,3,430,True,True,0.21257384420955783,0.8876816677434053,0.9972740814603742,False
9,Maintenance,Production_Speed_units_per_hr,Network_Latency_ms,1,192,True,True,0.005814418052247413,0.9392994340244173,0.9972740814603742,False
9,Maintenance,Production_Speed_units_per_hr,Network_Latency_ms,2,192,True,True,0.019140418173005144,0.9810435389932114,0.9972740814603742,False
9,Maintenance,Production_Speed_units_per_hr,Network_Latency_ms,3,192,True,True,1.4990480953296355,0.21637274162622144,0.8526615618131408,False
10,Active,Production_Speed_units_per_hr,Network_Latency_ms,1,1405,True,True,0.7456325711392051,0.3880103176852715,0.883925691857155,False
10,Active,Production_Speed_units_per_hr,Network_Latency_ms,2,1405,True,True,0.4132211017340825,0.661596774968737,0.9428598899731273,False
10,Active,Production_Speed_units_per_hr,Network_Latency_ms,3,1405,True,True,0.6283206810520456,0.5967505189584201,0.9219657509161344,False
10,Idle,Production_Speed_units_per_hr,Network_Latency_ms,1,422,True,True,0.005311235941928812,0.9419378796072541,0.9972740814603742,False
10,Idle,Production_Speed_units_per_hr,Network_Latency_ms,2,422,True,True,0.007481796335449891,0.9925462565077326,0.9972740814603742,False
10,Idle,Production_Speed_units_per_hr,Network_Latency_ms,3,422,True,True,0.033123140459164764,0.9919000046600417,0.9972740814603742,False
10,Maintenance,Production_Speed_units_per_hr,Network_Latency_ms,1,195,True,True,5.0162535818611556,0.02626335582233858,0.7457856818197149,False
10,Maintenance,Production_Speed_units_per_hr,Network_Latency_ms,2,195,True,True,2.62756073558561,0.07490705120460402,0.7839400195878736,False
10,Maintenance,Production_Speed_units_per_hr,Network_Latency_ms,3,195,True,True,1.998957616718276,0.11568871388768524,0.8526615618131408,False
11,Active,Production_Speed_units_per_hr,Network_Latency_ms,1,1362,True,True,1.0267876990324236,0.3110948436035572,0.8526615618131408,False
11,Active,Production_Speed_units_per_hr,Network_Latency_ms,2,1362,True,True,0.8614288540949787,0.42278915643209575,0.8942580747341383,False
11,Active,Production_Speed_units_per_hr,Network_Latency_ms,3,1362,True,True,0.9963559769672206,0.3936536465324255,0.883925691857155,False
11,Idle,Production_Speed_units_per_hr,Network_Latency_ms,1,398,True,True,3.429652536576294,0.06478344621719108,0.7457856818197149,False
11,Idle,Production_Speed_units_per_hr,Network_Latency_ms,2,398,True,True,1.570787446868148,0.2091903598874359,0.8526615618131408,False
11,Idle,Production_Speed_units_per_hr,Network_Latency_ms,3,398,True,True,1.0502763502365984,0.3702247229599761,0.8705995650476079,False
11,Maintenance,Production_Speed_units_per_hr,Network_Latency_ms,1,191,True,True,0.05775465224806252,0.8103439110156646,0.9972740814603742,False
11,Maintenance,Production_Speed_units_per_hr,Network_Latency_ms,2,191,True,True,0.05273255688739162,0.9486480150798633,0.9972740814603742,False
11,Maintenance,Production_Speed_units_per_hr,Network_Latency_ms,3,191,True,True,0.047953021520359,0.9860508123198476,0.9972740814603742,False
12,Active,Production_Speed_units_per_hr,Network_Latency_ms,1,1405,True,True,7.916812454588051,0.004966182233505895,0.4071882092084022,False
12,Active,Production_Speed_units_per_hr,Network_Latency_ms,2,1405,True,True,4.640763649969895,0.009799478175072726,0.4899739087536363,False
12,Active,Production_Speed_units_per_hr,Network_Latency_ms,3,1405,True,True,4.054130108281608,0.007002631463952294,0.4071882092084022,False
12,Idle,Production_Speed_units_per_hr,Network_Latency_ms,1,352,True,True,1.0828184582776512,0.2987903041729245,0.8526615618131408,False
12,Idle,Production_Speed_units_per_hr,Network_Latency_ms,2,352,True,True,0.5575140273210288,0.5731458650931393,0.9219657509161344,False
12,Idle,Production_Speed_units_per_hr,Network_Latency_ms,3,352,True,True,0.47704100013374334,0.6984661464225947,0.9481212108756906,False
12,Maintenance,Production_Speed_units_per_hr,Network_Latency_ms,1,198,True,True,0.6976678313737709,0.4045959198668804,0.8858961216883626,False
12,Maintenance,Production_Speed_units_per_hr,Network_Latency_ms,2,198,True,True,0.737393551455643,0.4797158800629287,0.9007188433479376,False
12,Maintenance,Production_Speed_units_per_hr,Network_Latency_ms,3,198,True,True,1.0306606678692682,0.38021185568470767,0.8807491617660375,False
13,Active,Production_Speed_units_per_hr,Network_Latency_ms,1,1424,True,True,2.2520935026194504,0.13365608155332195,0.8526615618131408,False
13,Active,Production_Speed_units_per_hr,Network_Latency_ms,2,1424,True,True,1.1509568879367067,0.31662947556568666,0.8526615618131408,False
13,Active,Production_Speed_units_per_hr,Network_Latency_ms,3,1424,True,True,0.9360999906609264,0.42242994862925476,0.8942580747341383,False
13,Idle,Production_Speed_units_per_hr,Network_Latency_ms,1,425,True,True,0.9198000600140036,0.3380779256038307,0.8595201498402476,False
13,Idle,Production_Speed_units_per_hr,Network_Latency_ms,2,425,True,True,1.4492819910897259,0.23591583319474752,0.8526615618131408,False
13,Idle,Production_Speed_units_per_hr,Network_Latency_ms,3,425,True,True,1.2969128709732287,0.275025254730254,0.8526615618131408,False
13,Maintenance,Production_Speed_units_per_hr,Network_Latency_ms,1,191,True,True,0.44192807097178377,0.5070122944310037,0.912496590836445,False
13,Maintenance,Production_Speed_units_per_hr,Network_Latency_ms,2,191,True,True,0.3692430677933364,0.6917683983851008,0.9461877789461866,False
13,Maintenance,Production_Speed_units_per_hr,Network_Latency_ms,3,191,True,True,1.1344915721070956,0.33650683538305387,0.8595201498402476,False
14,Active,Production_Speed_units_per_hr,Network_Latency_ms,1,1335,True,True,0.01872571954201651,0.8911764187209817,0.9972740814603742,False
14,Active,Production_Speed_units_per_hr,Network_Latency_ms,2,1335,True,True,0.01802299104265065,0.9821386919380017,0.9972740814603742,False
14,Active,Production_Speed_units_per_hr,Network_Latency_ms,3,1335,True,True,0.016557683147473072,0.9970975243100263,0.9972740814603742,False
14,Idle,Production_Speed_units_per_hr,Network_Latency_ms,1,403,True,True,0.01760535859462448,0.894509247042772,0.9972740814603742,False
14,Idle,Production_Speed_units_per_hr,Network_Latency_ms,2,403,True,True,0.35469533815135595,0.701609696048011,0.9481212108756906,False
14,Idle,Production_Speed_units_per_hr,Network_Latency_ms,3,403,True,True,0.311624550054286,0.8169864242323095,0.9972740814603742,False
14,Maintenance,Production_Speed_units_per_hr,Network_Latency_ms,1,203,True,True,1.1149480551329976,0.29228908521111174,0.8526615618131408,False
14,Maintenance,Production_Speed_units_per_hr,Network_Latency_ms,2,203,True,True,0.4510305223328882,0.6376308327070435,0.9407668023546543,False
14,Maintenance,Production_Speed_units_per_hr,Network_Latency_ms,3,203,True,True,1.8502634163608191,0.13944349739095188,0.8526615618131408,False
15,Active,Production_Speed_units_per_hr,Network_Latency_ms,1,1430,True,True,1.8357299214444678,0.1756668519761366,0.8526615618131408,False
15,Active,Production_Speed_units_per_hr,Network_Latency_ms,2,1430,True,True,4.06894969026947,0.01729463333650575,0.7075077274025079,False
15,Active,Production_Speed_units_per_hr,Network_Latency_ms,3,1430,True,True,2.6904004696417143,0.044965695017150316,0.7457856818197149,False
15,Idle,Production_Speed_units_per_hr,Network_Latency_ms,1,419,True,True,0.007192954173372057,0.9324523194489939,0.9972740814603742,False
15,Idle,Production_Speed_units_per_hr,Network_Latency_ms,2,419,True,True,0.8615127479552709,0.4232821553741588,0.8942580747341383,False
15,Idle,Production_Speed_units_per_hr,Network_Latency_ms,3,419,True,True,0.5628484556294912,0.6397996392501963,0.9408818224267592,False
15,Maintenance,Production_Speed_units_per_hr,Network_Latency_ms,1,178,True,True,0.45205991152399155,0.5022501987050715,0.9113410863600088,False
15,Maintenance,Production_Speed_units_per_hr,Network_Latency_ms,2,178,True,True,0.3969897826688192,0.6729589255715387,0.9428598899731273,False
15,Maintenance,Production_Speed_units_per_hr,Network_Latency_ms,3,178,True,True,0.6689864548037171,0.5722026270193059,0.9219657509161344,False
16,Active,Production_Speed_units_per_hr,Network_Latency_ms,1,1427,True,True,0.03167472889688559,0.8587687608363729,0.9972740814603742,False
16,Active,Production_Speed_units_per_hr,Network_Latency_ms,2,1427,True,True,0.09523461604361823,0.909165412374988,0.9972740814603742,False
16,Active,Production_Speed_units_per_hr,Network_Latency_ms,3,1427,True,True,0.05907487062840736,0.9811715675336088,0.9972740814603742,False
16,Idle,Production_Speed_units_per_hr,Network_Latency_ms,1,386,True,True,0.8064255524928937,0.3697447956781816,0.8705995650476079,False
16,Idle,Production_Speed_units_per_hr,Network_Latency_ms,2,386,True,True,0.8894520466353025,0.41173672349033746,0.8907765652435186,False
16,Idle,Production_Speed_units_per_hr,Network_Latency_ms,3,386,True,True,0.6577821651755414,0.5784894541055879,0.9219657509161344,False
16,Maintenance,Production_Speed_units_per_hr,Network_Latency_ms,1,197,True,True,3.663679426849767,0.05709009509638442,0.7457856818197149,False
16,Maintenance,Production_Speed_units_per_hr,Network_Latency_ms,2,197,True,True,1.4910843760426784,0.22775070528200786,0.8526615618131408,False
16,Maintenance,Production_Speed_units_per_hr,Network_Latency_ms,3,197,True,True,0.9716226994219243,0.40728720181198175,0.8858961216883626,False
17,Active,Production_Speed_units_per_hr,Network_Latency_ms,1,1413,True,True,0.35949711738007356,0.54888205670359,0.9219657509161344,False
17,Active,Production_Speed_units_per_hr,Network_Latency_ms,2,1413,True,True,0.50989481992874,0.6006697521660611,0.9219657509161344,False
17,Active,Production_Speed_units_per_hr,Network_Latency_ms,3,1413,True,True,0.36187158685526677,0.7805558421838822,0.9919199540877836,False
17,Idle,Production_Speed_units_per_hr,Network_Latency_ms,1,436,True,True,0.04596665696726288,0.8303375835939779,0.9972740814603742,False
17,Idle,Production_Speed_units_per_hr,Network_Latency_ms,2,436,True,True,0.1436103849475008,0.8662668024175403,0.9972740814603742,False
17,Idle,Production_Speed_units_per_hr,Network_Latency_ms,3,436,True,True,0.20905409761545343,0.8901238328314454,0.9972740814603742,False
17,Maintenance,Production_Speed_units_per_hr,Network_Latency_ms,1,212,True,True,1.4321397001008158,0.2327777851796492,0.8526615618131408,False
17,Maintenance,Production_Speed_units_per_hr,Network_Latency_ms,2,212,True,True,0.9664538821359633,0.38215612023306256,0.8807491617660375,False
17,Maintenance,Production_Speed_units_per_hr,Network_Latency_ms,3,212,True,True,0.6437312564723564,0.5877452256811904,0.9219657509161344,False
18,Active,Production_Speed_units_per_hr,Network_Latency_ms,1,1421,True,True,0.5291182768372792,0.46709795337044624,0.9007188433479376,False
18,Active,Production_Speed_units_per_hr,Network_Latency_ms,2,1421,True,True,0.3114096141362495,0.7324640252662594,0.9665947547501957,False
18,Active,Production_Speed_units_per_hr,Network_Latency_ms,3,1421,True,True,0.17541228289358182,0.9130709808030333,0.9972740814603742,False
18,Idle,Production_Speed_units_per_hr,Network_Latency_ms,1,416,True,True,0.0601211153278415,0.8064266990782092,0.9972740814603742,False
18,Idle,Production_Speed_units_per_hr,Network_Latency_ms,2,416,True,True,1.208005517251631,0.2998563984399111,0.8526615618131408,False
18,Idle,Production_Speed_units_per_hr,Network_Latency_ms,3,416,True,True,0.8261660451224841,0.48000783748952436,0.9007188433479376,False
18,Maintenance,Production_Speed_units_per_hr,Network_Latency_ms,1,194,True,True,1.2677385595830606,0.2616115214069126,0.8526615618131408,False
18,Maintenance,Production_Speed_units_per_hr,Network_Latency_ms,2,194,True,True,0.7131650417544372,0.4914185925531199,0.9061492998197783,False
18,Maintenance,Production_Speed_units_per_hr,Network_Latency_ms,3,194,True,True,0.7117277860651925,0.5461404789486743,0.9219657509161344,False
19,Active,Production_Speed_units_per_hr,Network_Latency_ms,1,1417,True,True,2.0291312683975784,0.15452959954950343,0.8526615618131408,False
19,Active,Production_Speed_units_per_hr,Network_Latency_ms,2,1417,True,True,2.0071225119759,0.13475852551233145,0.8526615618131408,False
19,Active,Production_Speed_units_per_hr,Network_Latency_ms,3,1417,True,True,1.334384723955037,0.26158402220454485,0.8526615618131408,False
19,Idle,Production_Speed_units_per_hr,Network_Latency_ms,1,402,True,True,0.31206044913930375,0.5767326988673139,0.9219657509161344,False
19,Idle,Production_Speed_units_per_hr,Network_Latency_ms,2,402,True,True,2.7643653912301778,0.06423558598822075,0.7457856818197149,False
19,Idle,Production_Speed_units_per_hr,Network_Latency_ms,3,402,True,True,1.9683307707394129,0.11819051131434404,0.8526615618131408,False
19,Maintenance,Production_Speed_units_per_hr,Network_Latency_ms,1,185,True,True,1.4948668442225101,0.223052511603115,0.8526615618131408,False
19,Maintenance,Production_Speed_units_per_hr,Network_Latency_ms,2,185,True,True,1.11767084225503,0.32932468247091334,0.8526615618131408,False
19,Maintenance,Production_Speed_units_per_hr,Network_Latency_ms,3,185,True,True,0.7017874589118195,0.552164093118017,0.9219657509161344,False
20,Active,Production_Speed_units_per_hr,Network_Latency_ms,1,1365,True,True,0.001115191728333418,0.9733649029963214,0.9972740814603742,False
20,Active,Production_Speed_units_per_hr,Network_Latency_ms,2,1365,True,True,0.002729646107874485,0.9972740814603742,0.9972740814603742,False
20,Active,Production_Speed_units_per_hr,Network_Latency_ms,3,1365,True,True,0.0908006744758654,0.9651192180485959,0.9972740814603742,False
20,Idle,Production_Speed_units_per_hr,Network_Latency_ms,1,409,True,True,3.3908045432649887,0.06629206060619688,0.7457856818197149,False
20,Idle,Production_Speed_units_per_hr,Network_Latency_ms,2,409,True,True,1.709889228130524,0.18219872803369255,0.8526615618131408,False
20,Idle,Production_Speed_units_per_hr,Network_Latency_ms,3,409,True,True,1.1546879118656652,0.3268528386431257,0.8526615618131408,False
20,Maintenance,Production_Speed_units_per_hr,Network_Latency_ms,1,196,True,True,0.006829460690546759,0.9342234476449383,0.9972740814603742,False
20,Maintenance,Production_Speed_units_per_hr,Network_Latency_ms,2,196,True,True,0.1644475011997622,0.8484835493416907,0.9972740814603742,False
20,Maintenance,Production_Speed_units_per_hr,Network_Latency_ms,3,196,True,True,0.3722550601131157,0.7731139896443112,0.9883559526702842,False
21,Active,Production_Speed_units_per_hr,Network_Latency_ms,1,1455,True,True,0.8914744538300515,0.34523524372409653,0.8614752019619909,False
21,Active,Production_Speed_units_per_hr,Network_Latency_ms,2,1455,True,True,0.5249271739170183,0.5917109817006145,0.9219657509161344,False
21,Active,Production_Speed_units_per_hr,Network_Latency_ms,3,1455,True,True,0.33944992124276707,0.7968135579895954,0.9966862673509089,False
21,Idle,Production_Speed_units_per_hr,Network_Latency_ms,1,390,True,True,1.3813509550210847,0.24059561578284164,0.8526615618131408,False
21,Idle,Production_Speed_units_per_hr,Network_Latency_ms,2,390,True,True,0.7621677694516352,0.4673601719717155,0.9007188433479376,False
21,Idle,Production_Speed_units_per_hr,Network_Latency_ms,3,390,True,True,1.6975240912144196,0.1670709951372673,0.8526615618131408,False
21,Maintenance,Production_Speed_units_per_hr,Network_Latency_ms,1,207,True,True,1.3430257829533996,0.24786249776431818,0.8526615618131408,False
21,Maintenance,Production_Speed_units_per_hr,Network_Latency_ms,2,207,True,True,3.4188293853926854,0.0346767381174043,0.7457856818197149,False
21,Maintenance,Production_Speed_units_per_hr,Network_Latency_ms,3,207,True,True,2.4514040065095295,0.06467234653277791,0.7457856818197149,False
22,Active,Production_Speed_units_per_hr,Network_Latency_ms,1,1409,True,True,0.9990333294827458,0.31771663419018875,0.8526615618131408,False
22,Active,Production_Speed_units_per_hr,Network_Latency_ms,2,1409,True,True,0.8367232151683006,0.4333436355992659,0.8975982958362879,False
22,Active,Production_Speed_units_per_hr,Network_Latency_ms,3,1409,True,True,2.042262859455143,0.10611972084415468,0.8526615618131408,False
22,Idle,Production_Speed_units_per_hr,Network_Latency_ms,1,410,True,True,1.1109795752924572,0.2924959668793882,0.8526615618131408,False
22,Idle,Production_Speed_units_per_hr,Network_Latency_ms,2,410,True,True,0.9603968301005206,0.3836151904580963,0.8807491617660375,False
22,Idle,Production_Speed_units_per_hr,Network_Latency_ms,3,410,True,True,0.6083759007381382,0.6098887113783882,0.9219657509161344,False
22,Maintenance,Production_Speed_units_per_hr,Network_Latency_ms,1,212,True,True,3.7255771986617003,0.05494505969204107,0.7457856818197149,False
22,Maintenance,Production_Speed_units_per_hr,Network_Latency_ms,2,212,True,True,1.8059541603883662,0.1669219421003842,0.8526615618131408,False
22,Maintenance,Production_Speed_units_per_hr,Network_Latency_ms,3,212,True,True,1.2270367012014287,0.3009671566371327,0.8526615618131408,False
23,Active,Production_Speed_units_per_hr,Network_Latency_ms,1,1487,True,True,0.01694762762707895,0.8964392564759603,0.9972740814603742,False
23,Active,Production_Speed_units_per_hr,Network_Latency_ms,2,1487,True,True,0.06131377955834672,0.9405304639126091,0.9972740814603742,False
23,Active,Production_Speed_units_per_hr,Network_Latency_ms,3,1487,True,True,1.7085901194286028,0.16331388874328662,0.8526615618131408,False
23,Idle,Production_Speed_units_per_hr,Network_Latency_ms,1,409,True,True,1.134628154170114,0.2874249143970985,0.8526615618131408,False
23,Idle,Production_Speed_units_per_hr,Network_Latency_ms,2,409,True,True,0.4940073788897083,0.6105462083844624,0.9219657509161344,False
23,Idle,Production_Speed_units_per_hr,Network_Latency_ms,3,409,True,True,0.4004443327792206,0.7527574484414368,0.9733932522949613,False
23,Maintenance,Production_Speed_units_per_hr,Network_Latency_ms,1,196,True,True,0.5036768626112136,0.4787499799021006,0.9007188433479376,False
23,Maintenance,Production_Speed_units_per_hr,Network_Latency_ms,2,196,True,True,0.9955326578762855,0.3714558144203127,0.8705995650476079,False
23,Maintenance,Production_Speed_units_per_hr,Network_Latency_ms,3,196,True,True,0.8964061268444413,0.4441302301285571,0.9007188433479376,False
24,Active,Production_Speed_units_per_hr,Network_Latency_ms,1,1360,True,True,1.6877848033742058,0.19411408535018151,0.8526615618131408,False
24,Active,Production_Speed_units_per_hr,Network_Latency_ms,2,1360,True,True,4.083486680010491,0.01705670856914184,0.7075077274025079,False
24,Active,Production_Speed_units_per_hr,Network_Latency_ms,3,1360,True,True,2.7974278150387186,0.03896343838492746,0.7457856818197149,False
24,Idle,Production_Speed_units_per_hr,Network_Latency_ms,1,409,True,True,0.9563284769585119,0.3286974225465303,0.8526615618131408,False
24,Idle,Production_Speed_units_per_hr,Network_Latency_ms,2,409,True,True,0.7774502811142268,0.4602660475705541,0.9007188433479376,False
24,Idle,Production_Speed_units_per_hr,Network_Latency_ms,3,409,True,True,1.20610524844158,0.3072081298862234,0.8526615618131408,False
24,Maintenance,Production_Speed_units_per_hr,Network_Latency_ms,1,215,True,True,1.1367610803210477,0.2875562208982162,0.8526615618131408,False
24,Maintenance,Production_Speed_units_per_hr,Network_Latency_ms,2,215,True,True,0.8836575785742423,0.4148141796388866,0.8931405781698516,False
24,Maintenance,Production_Speed_units_per_hr,Network_Latency_ms,3,215,True,True,0.8287575544583855,0.47940275230878004,0.9007188433479376,False
25,Active,Production_Speed_units_per_hr,Network_Latency_ms,1,1415,True,True,1.2498685821822888,0.26376788604286494,0.8526615618131408,False
25,Active,Production_Speed_units_per_hr,Network_Latency_ms,2,1415,True,True,0.6604038717183817,0.5168025917391575,0.912618525541848,False
25,Active,Production_Speed_units_per_hr,Network_Latency_ms,3,1415,True,True,0.6162212720809271,0.60452292701093,0.9219657509161344,False
25,Idle,Production_Speed_units_per_hr,Network_Latency_ms,1,385,True,True,0.1247933010987948,0.7240881897172031,0.9629085482501581,False
25,Idle,Production_Speed_units_per_hr,Network_Latency_ms,2,385,True,True,0.5286893904370263,0.589812071593644,0.9219657509161344,False
25,Idle,Production_Speed_units_per_hr,Network_Latency_ms,3,385,True,True,1.7457875129454248,0.15718171639945264,0.8526615618131408,False
25,Maintenance,Production_Speed_units_per_hr,Network_Latency_ms,1,198,True,True,1.8391616990596165,0.17662554795782845,0.8526615618131408,False
25,Maintenance,Production_Speed_units_per_hr,Network_Latency_ms,2,198,True,True,0.9239520550543533,0.3987139213609638,0.8858961216883626,False
25,Maintenance,Production_Speed_units_per_hr,Network_Latency_ms,3,198,True,True,0.642028421462584,0.5888866708945298,0.9219657509161344,False
26,Active,Production_Speed_units_per_hr,Network_Latency_ms,1,1429,True,True,0.4177470515284803,0.518167444494786,0.912618525541848,False
26,Active,Production_Speed_units_per_hr,Network_Latency_ms,2,1429,True,True,0.17288395804488002,0.8412529069129822,0.9972740814603742,False
26,Active,Production_Speed_units_per_hr,Network_Latency_ms,3,1429,True,True,0.5247951583716969,0.6652841522924245,0.9428598899731273,False
26,Idle,Production_Speed_units_per_hr,Network_Latency_ms,1,424,True,True,0.2519847150635824,0.6159440829125918,0.9270061448517269,False
26,Idle,Production_Speed_units_per_hr,Network_Latency_ms,2,424,True,True,0.24257071340192937,0.7847188970116687,0.9919199540877836,False
26,Idle,Production_Speed_units_per_hr,Network_Latency_ms,3,424,True,True,0.2241100607888752,0.8796300972374844,0.9972740814603742,False
26,Maintenance,Production_Speed_units_per_hr,Network_Latency_ms,1,206,True,True,0.005620245650643129,0.9403141262309329,0.9972740814603742,False
26,Maintenance,Production_Speed_units_per_hr,Network_Latency_ms,2,206,True,True,0.4298328648355485,0.6512204205535724,0.9422803512833041,False
26,Maintenance,Production_Speed_units_per_hr,Network_Latency_ms,3,206,True,True,0.6198188382534502,0.6029543277763778,0.9219657509161344,False
27,Active,Production_Speed_units_per_hr,Network_Latency_ms,1,1368,True,True,1.5111259085350925,0.21917937591568395,0.8526615618131408,False
27,Active,Production_Speed_units_per_hr,Network_Latency_ms,2,1368,True,True,2.0698552379894952,0.12660114814331036,0.8526615618131408,False
27,Active,Production_Speed_units_per_hr,Network_Latency_ms,3,1368,True,True,1.5381476589623035,0.2028298589226241,0.8526615618131408,False
27,Idle,Production_Speed_units_per_hr,Network_Latency_ms,1,389,True,True,0.46999089611527817,0.49340393909126357,0.9061492998197783,False
27,Idle,Production_Speed_units_per_hr,Network_Latency_ms,2,389,True,True,0.7608368696801547,0.4679819705415206,0.9007188433479376,False
27,Idle,Production_Speed_units_per_hr,Network_Latency_ms,3,389,True,True,0.912710669800254,0.4348365077606906,0.8975982958362879,False
27,Maintenance,Production_Speed_units_per_hr,Network_Latency_ms,1,200,True,True,0.2628194764785266,0.6087669849161355,0.9219657509161344,False
27,Maintenance,Production_Speed_units_per_hr,Network_Latency_ms,2,200,True,True,0.22672872195173935,0.7973490138807272,0.9966862673509089,False
27,Maintenance,Production_Speed_units_per_hr,Network_Latency_ms,3,200,True,True,0.12941542360853828,0.9425323030150544,0.9972740814603742,False
28,Active,Production_Speed_units_per_hr,Network_Latency_ms,1,1430,True,True,1.905794635551462,0.16764749329522483,0.8526615618131408,False
28,Active,Production_Speed_units_per_hr,Network_Latency_ms,2,1430,True,True,1.387602236824093,0.2500108633956862,0.8526615618131408,False
28,Active,Production_Speed_units_per_hr,Network_Latency_ms,3,1430,True,True,1.4821827541764767,0.21759881709292603,0.8526615618131408,False
28,Idle,Production_Speed_units_per_hr,Network_Latency_ms,1,429,True,True,1.8604703872265307,0.17329243806128306,0.8526615618131408,False
28,Idle,Production_Speed_units_per_hr,Network_Latency_ms,2,429,True,True,1.2329317395146069,0.2924845222839871,0.8526615618131408,False
28,Idle,Production_Speed_units_per_hr,Network_Latency_ms,3,429,True,True,0.8785848965529992,0.4521450397539104,0.9007188433479376,False
28,Maintenance,Production_Speed_units_per_hr,Network_Latency_ms,1,189,True,True,11.00781600898663,0.0010923850269644259,0.4071882092084022,False
28,Maintenance,Production_Speed_units_per_hr,Network_Latency_ms,2,189,True,True,5.981574477137429,0.003048222914920308,0.4071882092084022,False
28,Maintenance,Production_Speed_units_per_hr,Network_Latency_ms,3,189,True,True,4.162163495184816,0.0070363106412207575,0.4071882092084022,False
29,Active,Production_Speed_units_per_hr,Network_Latency_ms,1,1442,True,True,1.762408987072098,0.18453503225398743,0.8526615618131408,False
29,Active,Production_Speed_units_per_hr,Network_Latency_ms,2,1442,True,True,1.0010480155921666,0.3677505812596589,0.8705995650476079,False
29,Active,Production_Speed_units_per_hr,Network_Latency_ms,3,1442,True,True,0.6936601241908114,0.5559297133167316,0.9219657509161344,False
29,Idle,Production_Speed_units_per_hr,Network_Latency_ms,1,397,True,True,0.7300891045959746,0.3933748567300388,0.883925691857155,False
29,Idle,Production_Speed_units_per_hr,Network_Latency_ms,2,397,True,True,1.7048272666384834,0.1831558187480489,0.8526615618131408,False
29,Idle,Production_Speed_units_per_hr,Network_Latency_ms,3,397,True,True,1.139957251023674,0.3327254575598344,0.8555797480110028,False
29,Maintenance,Production_Speed_units_per_hr,Network_Latency_ms,1,205,True,True,0.5262078834765003,0.4690492253176958,0.9007188433479376,False
29,Maintenance,Production_Speed_units_per_hr,Network_Latency_ms,2,205,True,True,1.0246547284061438,0.3608155394731921,0.8705995650476079,False
29,Maintenance,Production_Speed_units_per_hr,Network_Latency_ms,3,205,True,True,0.7455045564783186,0.5261671052903045,0.912618525541848,False
30,Active,Production_Speed_units_per_hr,Network_Latency_ms,1,1480,True,True,3.7696641991344437,0.052380200501317656,0.7457856818197149,False
30,Active,Production_Speed_units_per_hr,Network_Latency_ms,2,1480,True,True,2.7281629181184015,0.06566938166233134,0.7457856818197149,False
30,Active,Production_Speed_units_per_hr,Network_Latency_ms,3,1480,True,True,1.856947879561126,0.13496507900228613,0.8526615618131408,False
30,Idle,Production_Speed_units_per_hr,Network_Latency_ms,1,387,True,True,0.09989804838956703,0.752124187643683,0.9733932522949613,False
30,Idle,Production_Speed_units_per_hr,Network_Latency_ms,2,387,True,True,0.12373421709683285,0.883650245346739,0.9972740814603742,False
30,Idle,Production_Speed_units_per_hr,Network_Latency_ms,3,387,True,True,0.17018019397898437,0.9164966844880714,0.9972740814603742,False
30,Maintenance,Production_Speed_units_per_hr,Network_Latency_ms,1,207,True,True,0.20205420674103183,0.6535473997038486,0.9426164418805508,False
30,Maintenance,Production_Speed_units_per_hr,Network_Latency_ms,2,207,True,True,1.4004400736254472,0.24889491153866816,0.8526615618131408,False
30,Maintenance,Production_Speed_units_per_hr,Network_Latency_ms,3,207,True,True,0.7492792040205795,0.5239635206821902,0.912618525541848,False
31,Active,Production_Speed_units_per_hr,Network_Latency_ms,1,1357,True,True,1.705035946403252,0.19185266978794463,0.8526615618131408,False
31,Active,Production_Speed_units_per_hr,Network_Latency_ms,2,1357,True,True,0.8412562938912409,0.431394412197437,0.8975982958362879,False
31,Active,Production_Speed_units_per_hr,Network_Latency_ms,3,1357,True,True,0.9289904459345761,0.42595444755100564,0.8956986046633296,False
31,Idle,Production_Speed_units_per_hr,Network_Latency_ms,1,394,True,True,0.005842093719911105,0.9391133406992804,0.9972740814603742,False
31,Idle,Production_Speed_units_per_hr,Network_Latency_ms,2,394,True,True,0.07820592889836385,0.9247885806017835,0.9972740814603742,False
31,Idle,Production_Speed_units_per_hr,Network_Latency_ms,3,394,True,True,0.09555147433986294,0.9624693766548337,0.9972740814603742,False
31,Maintenance,Production_Speed_units_per_hr,Network_Latency_ms,1,182,True,True,2.0133189867352312,0.15767252178998678,0.8526615618131408,False
31,Maintenance,Production_Speed_units_per_hr,Network_Latency_ms,2,182,True,True,1.771316037671463,0.1731450720081266,0.8526615618131408,False
31,Maintenance,Production_Speed_units_per_hr,Network_Latency_ms,3,182,True,True,1.2457594592646404,0.29477529630533766,0.8526615618131408,False
32,Active,Production_Speed_units_per_hr,Network_Latency_ms,1,1417,True,True,0.000739051130669721,0.9783156236717176,0.9972740814603742,False
32,Active,Production_Speed_units_per_hr,Network_Latency_ms,2,1417,True,True,0.057927205900105125,0.9437208878557729,0.9972740814603742,False
32,Active,Production_Speed_units_per_hr,Network_Latency_ms,3,1417,True,True,0.1219545771365446,0.9471838006803212,0.9972740814603742,False
32,Idle,Production_Speed_units_per_hr,Network_Latency_ms,1,393,True,True,0.9085771501853113,0.34108413513006586,0.8614752019619909,False
32,Idle,Production_Speed_units_per_hr,Network_Latency_ms,2,393,True,True,1.4994033005036957,0.22456077111558917,0.8526615618131408,False
32,Idle,Production_Speed_units_per_hr,Network_Latency_ms,3,393,True,True,1.0508375719392793,0.3699956237147586,0.8705995650476079,False
32,Maintenance,Production_Speed_units_per_hr,Network_Latency_ms,1,221,True,True,0.022524274734797095,0.8808401968244626,0.9972740814603742,False
32,Maintenance,Production_Speed_units_per_hr,Network_Latency_ms,2,221,True,True,2.775076734070357,0.06458966491853725,0.7457856818197149,False
32,Maintenance,Production_Speed_units_per_hr,Network_Latency_ms,3,221,True,True,2.7746767789026716,0.042371952204105376,0.7457856818197149,False
33,Active,Production_Speed_units_per_hr,Network_Latency_ms,1,1340,True,True,0.11373795490376079,0.7359809841681103,0.9667938876666833,False
33,Active,Production_Speed_units_per_hr,Network_Latency_ms,2,1340,True,True,0.05793869577966244,0.9437101753379599,0.9972740814603742,False
33,Active,Production_Speed_units_per_hr,Network_Latency_ms,3,1340,True,True,0.059606025502689355,0.9809255845835225,0.9972740814603742,False
33,Idle,Production_Speed_units_per_hr,Network_Latency_ms,1,404,True,True,0.16377239157237422,0.6859231678011666,0.9461877789461866,False
33,Idle,Production_Speed_units_per_hr,Network_Latency_ms,2,404,True,True,2.9583148534846044,0.053051769569566844,0.7457856818197149,False
33,Idle,Production_Speed_units_per_hr,Network_Latency_ms,3,404,True,True,1.9891164856074968,0.11506048736190468,0.8526615618131408,False
33,Maintenance,Production_Speed_units_per_hr,Network_Latency_ms,1,212,True,True,1.4631132877667568,0.2278084009357245,0.8526615618131408,False
33,Maintenance,Production_Speed_units_per_hr,Network_Latency_ms,2,212,True,True,0.7856855008674806,0.45717475142900943,0.9007188433479376,False
33,Maintenance,Production_Speed_units_per_hr,Network_Latency_ms,3,212,True,True,1.1597135460353727,0.32624674720844693,0.8526615618131408,False
34,Active,Production_Speed_units_per_hr,Network_Latency_ms,1,1346,True,True,0.8845608382232056,0.3471247940485416,0.8614752019619909,False
34,Active,Production_Speed_units_per_hr,Network_Latency_ms,2,1346,True,True,0.4622926718266516,0.6299384657950825,0.9330848491160043,False
34,Active,Production_Speed_units_per_hr,Network_Latency_ms,3,1346,True,True,1.6551984060792226,0.174880395204529,0.8526615618131408,False
34,Idle,Production_Speed_units_per_hr,Network_Latency_ms,1,406,True,True,0.5568422273478638,0.4559715092735394,0.9007188433479376,False
34,Idle,Production_Speed_units_per_hr,Network_Latency_ms,2,406,True,True,0.4386643933100086,0.6452078104752289,0.9422803512833041,False
34,Idle,Production_Speed_units_per_hr,Network_Latency_ms,3,406,True,True,0.8813695168345987,0.45075528686901434,0.9007188433479376,False
34,Maintenance,Production_Speed_units_per_hr,Network_Latency_ms,1,196,True,True,0.9849039849437515,0.32224014093617803,0.8526615618131408,False
34,Maintenance,Production_Speed_units_per_hr,Network_Latency_ms,2,196,True,True,0.9082670386292353,0.4049749779571114,0.8858961216883626,False
34,Maintenance,Production_Speed_units_per_hr,Network_Latency_ms,3,196,True,True,0.9984169832519505,0.39482014236286256,0.883925691857155,False
35,Active,Production_Speed_units_per_hr,Network_Latency_ms,1,1355,True,True,0.08333978700587835,0.7728657249685538,0.9883559526702842,False
35,Active,Production_Speed_units_per_hr,Network_Latency_ms,2,1355,True,True,0.12806184246282892,0.8798096709149817,0.9972740814603742,False
35,Active,Production_Speed_units_per_hr,Network_Latency_ms,3,1355,True,True,0.21423132135458361,0.886572932947275,0.9972740814603742,False
35,Idle,Production_Speed_units_per_hr,Network_Latency_ms,1,350,True,True,4.249798956015269,0.040001569431113417,0.7457856818197149,False
35,Idle,Production_Speed_units_per_hr,Network_Latency_ms,2,350,True,True,2.1681704613173043,0.11595194301588128,0.8526615618131408,False
35,Idle,Production_Speed_units_per_hr,Network_Latency_ms,3,350,True,True,2.543612907617457,0.056098527438613224,0.7457856818197149,False
35,Maintenance,Production_Speed_units_per_hr,Network_Latency_ms,1,208,True,True,0.1748551763721006,0.6762722604843288,0.9428598899731273,False
35,Maintenance,Production_Speed_units_per_hr,Network_Latency_ms,2,208,True,True,0.4355916430752176,0.6474910024256555,0.9422803512833041,False
35,Maintenance,Production_Speed_units_per_hr,Network_Latency_ms,3,208,True,True,0.30626850686766,0.8208429884448678,0.9972740814603742,False
36,Active,Production_Speed_units_per_hr,Network_Latency_ms,1,1476,True,True,0.055262612355851996,0.814179328777115,0.9972740814603742,False
36,Active,Production_Speed_units_per_hr,Network_Latency_ms,2,1476,True,True,0.38436051884168204,0.6809543649805919,0.9428598899731273,False
36,Active,Production_Speed_units_per_hr,Network_Latency_ms,3,1476,True,True,0.37890151420964235,0.768234438810335,0.9883559526702842,False
36,Idle,Production_Speed_units_per_hr,Network_Latency_ms,1,413,True,True,0.025450142957881478,0.8733292798956312,0.9972740814603742,False
36,Idle,Production_Speed_units_per_hr,Network_Latency_ms,2,413,True,True,0.014300592194814596,0.9858016721193782,0.9972740814603742,False
36,Idle,Production_Speed_units_per_hr,Network_Latency_ms,3,413,True,True,0.08680766122464315,0.9672488219493011,0.9972740814603742,False
36,Maintenance,Production_Speed_units_per_hr,Network_Latency_ms,1,196,True,True,0.3148712697357424,0.5753605587038363,0.9219657509161344,False
36,Maintenance,Production_Speed_units_per_hr,Network_Latency_ms,2,196,True,True,0.151788320121939,0.8592747604144028,0.9972740814603742,False
36,Maintenance,Production_Speed_units_per_hr,Network_Latency_ms,3,196,True,True,0.5822003575381315,0.6273922237349938,0.9330848491160043,False
37,Active,Production_Speed_units_per_hr,Network_Latency_ms,1,1391,True,True,0.10004220961032168,0.751826579230966,0.9733932522949613,False
37,Active,Production_Speed_units_per_hr,Network_Latency_ms,2,1391,True,True,2.5099966220853607,0.08163840187226219,0.8163840187226219,False
37,Active,Production_Speed_units_per_hr,Network_Latency_ms,3,1391,True,True,1.8058355699228545,0.1441922769206976,0.8526615618131408,False
37,Idle,Production_Speed_units_per_hr,Network_Latency_ms,1,373,True,True,2.68866539815866,0.10191662354028923,0.8526615618131408,False
37,Idle,Production_Speed_units_per_hr,Network_Latency_ms,2,373,True,True,1.7480054512791987,0.1755713419045155,0.8526615618131408,False
37,Idle,Production_Speed_units_per_hr,Network_Latency_ms,3,373,True,True,1.432250670620469,0.2330267813792638,0.8526615618131408,False
37,Maintenance,Production_Speed_units_per_hr,Network_Latency_ms,1,200,True,True,2.1939742845624983,0.14015721267780437,0.8526615618131408,False
37,Maintenance,Production_Speed_units_per_hr,Network_Latency_ms,2,200,True,True,1.5998100297081923,0.20460096749385812,0.8526615618131408,False
37,Maintenance,Production_Speed_units_per_hr,Network_Latency_ms,3,200,True,True,2.60846372853105,0.05290542165969821,0.7457856818197149,False
38,Active,Production_Speed_units_per_hr,Network_Latency_ms,1,1450,True,True,0.686447108427769,0.40751221597664683,0.8858961216883626,False
38,Active,Production_Speed_units_per_hr,Network_Latency_ms,2,1450,True,True,1.6552622712973402,0.19140447449902084,0.8526615618131408,False
38,Active,Production_Speed_units_per_hr,Network_Latency_ms,3,1450,True,True,1.1922755132624827,0.31133718444501074,0.8526615618131408,False
38,Idle,Production_Speed_units_per_hr,Network_Latency_ms,1,385,True,True,0.04487822808729735,0.8323413781335338,0.9972740814603742,False
38,Idle,Production_Speed_units_per_hr,Network_Latency_ms,2,385,True,True,0.09969726603769023,0.9051351764538328,0.9972740814603742,False
38,Idle,Production_Speed_units_per_hr,Network_Latency_ms,3,385,True,True,0.15415795124717002,0.9269837410570392,0.9972740814603742,False
38,Maintenance,Production_Speed_units_per_hr,Network_Latency_ms,1,223,True,True,0.11067678756345221,0.7396931688370422,0.967621877839154,False
38,Maintenance,Production_Speed_units_per_hr,Network_Latency_ms,2,223,True,True,0.0865040660279005,0.9171635757632666,0.9972740814603742,False
38,Maintenance,Production_Speed_units_per_hr,Network_Latency_ms,3,223,True,True,0.09521814531110341,0.9626152620177663,0.9972740814603742,False
39,Active,Production_Speed_units_per_hr,Network_Latency_ms,1,1364,True,True,0.07831645368348025,0.7796345545617456,0.9919199540877836,False
39,Active,Production_Speed_units_per_hr,Network_Latency_ms,2,1364,True,True,0.3853344164640065,0.6802975261041379,0.9428598899731273,False
39,Active,Production_Speed_units_per_hr,Network_Latency_ms,3,1364,True,True,0.5224662252989689,0.6668792175968556,0.9428598899731273,False
39,Idle,Production_Speed_units_per_hr,Network_Latency_ms,1,424,True,True,0.006400270830363821,0.9362740146176656,0.9972740814603742,False
39,Idle,Production_Speed_units_per_hr,Network_Latency_ms,2,424,True,True,1.9068725143047907,0.14983726060468225,0.8526615618131408,False
39,Idle,Production_Speed_units_per_hr,Network_Latency_ms,3,424,True,True,1.1747829820562672,0.31899433199674215,0.8526615618131408,False
39,Maintenance,Production_Speed_units_per_hr,Network_Latency_ms,1,205,True,True,0.00013969754128149853,0.9905814485213927,0.9972740814603742,False
39,Maintenance,Production_Speed_units_per_hr,Network_Latency_ms,2,205,True,True,0.220546569822648,0.8022770567266833,0.9972740814603742,False
39,Maintenance,Production_Speed_units_per_hr,Network_Latency_ms,3,205,True,True,0.15573863472422186,0.9258954926424544,0.9972740814603742,False
40,Active,Production_Speed_units_per_hr,Network_Latency_ms,1,1407,True,True,1.2734133709073765,0.2593202326323495,0.8526615618131408,False
40,Active,Production_Speed_units_per_hr,Network_Latency_ms,2,1407,True,True,1.1324736735285952,0.32253017174012616,0.8526615618131408,False
40,Active,Production_Speed_units_per_hr,Network_Latency_ms,3,1407,True,True,0.8437098987895532,0.46993962199346984,0.9007188433479376,False
40,Idle,Production_Speed_units_per_hr,Network_Latency_ms,1,423,True,True,0.8811823022362124,0.348418859460183,0.8614752019619909,False
40,Idle,Production_Speed_units_per_hr,Network_Latency_ms,2,423,True,True,1.0127510678232459,0.3641120963888952,0.8705995650476079,False
40,Idle,Production_Speed_units_per_hr,Network_Latency_ms,3,423,True,True,1.471821731006433,0.2216325350821087,0.8526615618131408,False
40,Maintenance,Production_Speed_units_per_hr,Network_Latency_ms,1,171,True,True,0.47263270750999,0.49273216275936654,0.9061492998197783,False
40,Maintenance,Production_Speed_units_per_hr,Network_Latency_ms,2,171,True,True,0.5496725155629619,0.5781982990655912,0.9219657509161344,False
40,Maintenance,Production_Speed_units_per_hr,Network_Latency_ms,3,171,True,True,0.45409722940775743,0.7147581128975135,0.9572653297734555,False
41,Active,Production_Speed_units_per_hr,Network_Latency_ms,1,1399,True,True,1.6579968553353046,0.19808757168038216,0.8526615618131408,False
41,Active,Production_Speed_units_per_hr,Network_Latency_ms,2,1399,True,True,1.4207434855432288,0.24188439455994556,0.8526615618131408,False
41,Active,Production_Speed_units_per_hr,Network_Latency_ms,3,1399,True,True,1.4139475953436564,0.23699310093122802,0.8526615618131408,False
41,Idle,Production_Speed_units_per_hr,Network_Latency_ms,1,404,True,True,0.7050259409798729,0.4016015992146643,0.8858961216883626,False
41,Idle,Production_Speed_units_per_hr,Network_Latency_ms,2,404,True,True,0.41872327062023523,0.6581764282878726,0.9428598899731273,False
41,Idle,Production_Speed_units_per_hr,Network_Latency_ms,3,404,True,True,1.3661577733635182,0.2526956988540904,0.8526615618131408,False
41,Maintenance,Production_Speed_units_per_hr,Network_Latency_ms,1,210,True,True,1.060652889342761,0.3042739944986665,0.8526615618131408,False
41,Maintenance,Production_Speed_units_per_hr,Network_Latency_ms,2,210,True,True,1.1992695020632178,0.30354061421147616,0.8526615618131408,False
41,Maintenance,Production_Speed_units_per_hr,Network_Latency_ms,3,210,True,True,0.7655967674406947,0.514555730936411,0.912618525541848,False
42,Active,Production_Speed_units_per_hr,Network_Latency_ms,1,1436,True,True,0.12993310013584083,0.71855457403294,0.9594942383229168,False
42,Active,Production_Speed_units_per_hr,Network_Latency_ms,2,1436,True,True,0.6036974656683753,0.5469255617859466,0.9219657509161344,False
42,Active,Production_Speed_units_per_hr,Network_Latency_ms,3,1436,True,True,0.47426746372346085,0.7002478074204919,0.9481212108756906,False
42,Idle,Production_Speed_units_per_hr,Network_Latency_ms,1,388,True,True,0.8700209358531321,0.35153560818940677,0.864431823416574,False
42,Idle,Production_Speed_units_per_hr,Network_Latency_ms,2,388,True,True,3.1260484345719837,0.04501872092966644,0.7457856818197149,False
42,Idle,Production_Speed_units_per_hr,Network_Latency_ms,3,388,True,True,2.56892085007425,0.05408488078877105,0.7457856818197149,False
42,Maintenance,Production_Speed_units_per_hr,Network_Latency_ms,1,195,True,True,1.5149512210027167,0.21989867548315717,0.8526615618131408,False
42,Maintenance,Production_Speed_units_per_hr,Network_Latency_ms,2,195,True,True,1.752228405164554,0.17620676787916636,0.8526615618131408,False
42,Maintenance,Production_Speed_units_per_hr,Network_Latency_ms,3,195,True,True,1.3876272139586834,0.24798891157912595,0.8526615618131408,False
43,Active,Production_Speed_units_per_hr,Network_Latency_ms,1,1331,True,True,0.5743621206596575,0.4486652749552761,0.9007188433479376,False
43,Active,Production_Speed_units_per_hr,Network_Latency_ms,2,1331,True,True,0.6987789838981799,0.49737528234552275,0.9061492998197783,False
43,Active,Production_Speed_units_per_hr,Network_Latency_ms,3,1331,True,True,0.5026613904311216,0.6804956268139974,0.9428598899731273,False
43,Idle,Production_Speed_units_per_hr,Network_Latency_ms,1,393,True,True,1.83426933910177,0.1764102690180034,0.8526615618131408,False
43,Idle,Production_Speed_units_per_hr,Network_Latency_ms,2,393,True,True,1.8058261052475544,0.1657242147947263,0.8526615618131408,False
43,Idle,Production_Speed_units_per_hr,Network_Latency_ms,3,393,True,True,1.3611247591014977,0.2543141259649406,0.8526615618131408,False
43,Maintenance,Production_Speed_units_per_hr,Network_Latency_ms,1,182,True,True,0.015880626706186594,0.899859617892197,0.9972740814603742,False
43,Maintenance,Production_Speed_units_per_hr,Network_Latency_ms,2,182,True,True,0.4332368836703606,0.6491004013693832,0.9422803512833041,False
43,Maintenance,Production_Speed_units_per_hr,Network_Latency_ms,3,182,True,True,0.7825139395349282,0.5052006430612328,0.912496590836445,False
44,Active,Production_Speed_units_per_hr,Network_Latency_ms,1,1417,True,True,0.436405190680876,0.5089703206665505,0.912496590836445,False
44,Active,Production_Speed_units_per_hr,Network_Latency_ms,2,1417,True,True,1.5076365989286071,0.22178943031216616,0.8526615618131408,False
44,Active,Production_Speed_units_per_hr,Network_Latency_ms,3,1417,True,True,2.02434168205017,0.10862731336766426,0.8526615618131408,False
44,Idle,Production_Speed_units_per_hr,Network_Latency_ms,1,441,True,True,0.04084963745288187,0.8399224929234169,0.9972740814603742,False
44,Idle,Production_Speed_units_per_hr,Network_Latency_ms,2,441,True,True,0.09432150896924525,0.9100087938458797,0.9972740814603742,False
44,Idle,Production_Speed_units_per_hr,Network_Latency_ms,3,441,True,True,0.15059925467468288,0.9292848458951692,0.9972740814603742,False
44,Maintenance,Production_Speed_units_per_hr,Network_Latency_ms,1,196,True,True,0.00014953344956693512,0.9902560987791398,0.9972740814603742,False
44,Maintenance,Production_Speed_units_per_hr,Network_Latency_ms,2,196,True,True,0.018966009033400958,0.9812145812649422,0.9972740814603742,False
44,Maintenance,Production_Speed_units_per_hr,Network_Latency_ms,3,196,True,True,0.01863251983518194,0.9965305106577662,0.9972740814603742,False
45,Active,Production_Speed_units_per_hr,Network_Latency_ms,1,1446,True,True,0.16073310512986846,0.6885418554109046,0.9461877789461866,False
45,Active,Production_Speed_units_per_hr,Network_Latency_ms,2,1446,True,True,0.10785862944032289,0.8977617606471398,0.9972740814603742,False
45,Active,Production_Speed_units_per_hr,Network_Latency_ms,3,1446,True,True,0.09899717061248757,0.9605796815877594,0.9972740814603742,False
45,Idle,Production_Speed_units_per_hr,Network_Latency_ms,1,437,True,True,2.542565063423327,0.11154425033000379,0.8526615618131408,False
45,Idle,Production_Speed_units_per_hr,Network_Latency_ms,2,437,True,True,1.3561598473386234,0.2587480138879302,0.8526615618131408,False
45,Idle,Production_Speed_units_per_hr,Network_Latency_ms,3,437,True,True,0.9432853503615068,0.41959407552482064,0.8942580747341383,False
45,Maintenance,Production_Speed_units_per_hr,Network_Latency_ms,1,197,True,True,0.0007871372260176378,0.9776465034548308,0.9972740814603742,False
45,Maintenance,Production_Speed_units_per_hr,Network_Latency_ms,2,197,True,True,0.39500836944191214,0.6742263323499823,0.9428598899731273,False
45,Maintenance,Production_Speed_units_per_hr,Network_Latency_ms,3,197,True,True,0.6296061243065649,0.5967530725434758,0.9219657509161344,False
46,Active,Production_Speed_units_per_hr,Network_Latency_ms,1,1376,True,True,0.1390801157753144,0.709254825467294,0.95558284868348,False
46,Active,Production_Speed_units_per_hr,Network_Latency_ms,2,1376,True,True,1.244868248057597,0.28830462656431555,0.8526615618131408,False
46,Active,Production_Speed_units_per_hr,Network_Latency_ms,3,1376,True,True,0.8007947194371653,0.4934201628381666,0.9061492998197783,False
46,Idle,Production_Speed_units_per_hr,Network_Latency_ms,1,346,True,True,1.4379743144709947,0.23129758714341947,0.8526615618131408,False
46,Idle,Production_Speed_units_per_hr,Network_Latency_ms,2,346,True,True,1.8786943902891229,0.15437675459233122,0.8526615618131408,False
46,Idle,Production_Speed_units_per_hr,Network_Latency_ms,3,346,True,True,1.2088942362916233,0.3064484485501424,0.8526615618131408,False
46,Maintenance,Production_Speed_units_per_hr,Network_Latency_ms,1,190,True,True,0.014547696809987489,0.9041271023414826,0.9972740814603742,False
46,Maintenance,Production_Speed_units_per_hr,Network_Latency_ms,2,190,True,True,0.7654490270407128,0.46660833059856976,0.9007188433479376,False
46,Maintenance,Production_Speed_units_per_hr,Network_Latency_ms,3,190,True,True,0.7409644574493992,0.5289221945750358,0.912618525541848,False
47,Active,Production_Speed_units_per_hr,Network_Latency_ms,1,1389,True,True,3.1768011766590414,0.07490982409395237,0.7839400195878736,False
47,Active,Production_Speed_units_per_hr,Network_Latency_ms,2,1389,True,True,2.976702292422991,0.05128745491162894,0.7457856818197149,False
47,Active,Production_Speed_units_per_hr,Network_Latency_ms,3,1389,True,True,2.312214339062389,0.07443373758388658,0.7839400195878736,False
47,Idle,Production_Speed_units_per_hr,Network_Latency_ms,1,409,True,True,2.0892879672415616,0.1491085102830941,0.8526615618131408,False
47,Idle,Production_Speed_units_per_hr,Network_Latency_ms,2,409,True,True,1.6693041119920944,0.1896812073932828,0.8526615618131408,False
47,Idle,Production_Speed_units_per_hr,Network_Latency_ms,3,409,True,True,1.376084834457669,0.2496026194673085,0.8526615618131408,False
47,Maintenance,Production_Speed_units_per_hr,Network_Latency_ms,1,203,True,True,2.58255070073099,0.10963293671091548,0.8526615618131408,False
47,Maintenance,Production_Speed_units_per_hr,Network_Latency_ms,2,203,True,True,1.2595935088492671,0.28605607129631816,0.8526615618131408,False
47,Maintenance,Production_Speed_units_per_hr,Network_Latency_ms,3,203,True,True,1.3457544641278822,0.2608247563143913,0.8526615618131408,False
48,Active,Production_Speed_units_per_hr,Network_Latency_ms,1,1479,True,True,0.053464749388877325,0.8171725006587698,0.9972740814603742,False
48,Active,Production_Speed_units_per_hr,Network_Latency_ms,2,1479,True,True,0.05260198234605105,0.9487593429287563,0.9972740814603742,False
48,Active,Production_Speed_units_per_hr,Network_Latency_ms,3,1479,True,True,0.40333354996205956,0.7506274912255432,0.9733932522949613,False
48,Idle,Production_Speed_units_per_hr,Network_Latency_ms,1,379,True,True,1.1211112499491895,0.29036083742678426,0.8526615618131408,False
48,Idle,Production_Speed_units_per_hr,Network_Latency_ms,2,379,True,True,1.6338982185371864,0.1965647149799332,0.8526615618131408,False
48,Idle,Production_Speed_units_per_hr,Network_Latency_ms,3,379,True,True,1.1142915130750173,0.34316900785802307,0.8614752019619909,False
48,Maintenance,Production_Speed_units_per_hr,Network_Latency_ms,1,200,True,True,0.1131804637309969,0.7369117854881608,0.9667938876666833,False
48,Maintenance,Production_Speed_units_per_hr,Network_Latency_ms,2,200,True,True,0.43164865797183705,0.650062910331309,0.9422803512833041,False
48,Maintenance,Production_Speed_units_per_hr,Network_Latency_ms,3,200,True,True,0.48873319785822045,0.690509882166843,0.9461877789461866,False
49,Active,Production_Speed_units_per_hr,Network_Latency_ms,1,1384,True,True,0.5149805042994424,0.47311220100481055,0.9007188433479376,False
49,Active,Production_Speed_units_per_hr,Network_Latency_ms,2,1384,True,True,0.5891709627505283,0.5549268251697428,0.9219657509161344,False
49,Active,Production_Speed_units_per_hr,Network_Latency_ms,3,1384,True,True,1.3156991600351347,0.2676993211206676,0.8526615618131408,False
49,Idle,Production_Speed_units_per_hr,Network_Latency_ms,1,401,True,True,0.837555891581886,0.3606522538135085,0.8705995650476079,False
49,Idle,Production_Speed_units_per_hr,Network_Latency_ms,2,401,True,True,0.47519626277782834,0.6221188936526559,0.9330848491160043,False
49,Idle,Production_Speed_units_per_hr,Network_Latency_ms,3,401,True,True,0.454997010324898,0.7139111890334388,0.9572653297734555,False
49,Maintenance,Production_Speed_units_per_hr,Network_Latency_ms,1,165,True,True,1.065614076649761,0.30348639858320553,0.8526615618131408,False
49,Maintenance,Production_Speed_units_per_hr,Network_Latency_ms,2,165,True,True,0.7136723313589937,0.49141415254279597,0.9061492998197783,False
49,Maintenance,Production_Speed_units_per_hr,Network_Latency_ms,3,165,True,True,0.7432239879906887,0.5278432996740946,0.912618525541848,False
50,Active,Production_Speed_units_per_hr,Network_Latency_ms,1,1340,True,True,1.4185244577244747,0.2338579793194449,0.8526615618131408,False
50,Active,Production_Speed_units_per_hr,Network_Latency_ms,2,1340,True,True,0.7467390020702611,0.47410759217757237,0.9007188433479376,False
50,Active,Production_Speed_units_per_hr,Network_Latency_ms,3,1340,True,True,1.056398390292325,0.36664295844230754,0.8705995650476079,False
50,Idle,Production_Speed_units_per_hr,Network_Latency_ms,1,367,True,True,0.7316616619082001,0.392909327364264,0.883925691857155,False
50,Idle,Production_Speed_units_per_hr,Network_Latency_ms,2,367,True,True,1.1130118345221662,0.3296958039010811,0.8526615618131408,False
50,Idle,Production_Speed_units_per_hr,Network_Latency_ms,3,367,True,True,0.9131097193189666,0.4347008665386084,0.8975982958362879,False
50,Maintenance,Production_Speed_units_per_hr,Network_Latency_ms,1,205,True,True,8.785388694405711,0.003403383574534122,0.4071882092084022,False
50,Maintenance,Production_Speed_units_per_hr,Network_Latency_ms,2,205,True,True,5.0894611404545875,0.006992218652966461,0.4071882092084022,False
50,Maintenance,Production_Speed_units_per_hr,Network_Latency_ms,3,205,True,True,3.3107390931470326,0.02117755285092307,0.7457856818197149,False
