Model,Accuracy,Macro_F1,Weighted_F1,ROC_AUC_Macro,Precision_Low,Recall_Low,Precision_Medium,Recall_Medium,Precision_High,Recall_High
Model A (Horizon B) - Dummy Majority,0.7842306061890632,0.29302288746337213,0.6893925499880099,0.5,0.7842306061890632,1.0,0.0,0.0,0.0,0.0
Model A (Horizon B) - Logistic Regression,0.2791437049597287,0.2321361770658453,0.35541569082162544,0.5029327889371747,0.796849087893864,0.25972972972972974,0.19758874748827862,0.33258173618940245,0.030212976721149084,0.46564885496183206
Model A (Horizon B) - Random Forest,0.6729546417973717,0.33684881841581754,0.6622468878623966,0.5067688564151728,0.7854177477944992,0.8181081081081081,0.18823529411764706,0.16234498308906425,0.04040404040404041,0.030534351145038167
Model A (Horizon B) - LightGBM,0.43132683340398476,0.2966145172142198,0.5014028839891305,0.5072737684135151,0.7915479582146249,0.45054054054054055,0.20106132075471697,0.38444193912063135,0.02947598253275109,0.20610687022900764
Model A (Horizon A) - Dummy Majority,0.7799899949974988,0.2921327262848257,0.6835818111405205,0.5,0.7799899949974988,1.0,0.0,0.0,0.0,0.0
Model A (Horizon A) - Logistic Regression,0.2710855427713857,0.22424393597645856,0.345838790684122,0.49841411537377583,0.7698214628527549,0.25718317085684966,0.18436387180317254,0.3006070203219847,0.03138440079042194,0.4433497536945813
Model A (Horizon A) - Random Forest,0.5284142071035518,0.31263541992778154,0.5741771426780556,0.49494623790568354,0.7741203178206584,0.612365315546434,0.17797406502537116,0.24993401953021904,0.029122055674518203,0.1116584564860427
Model A (Horizon A) - LightGBM,0.37248624312156076,0.2707297370183815,0.44700862774503425,0.4988088176142695,0.7738373603533385,0.38205489994869163,0.18766832034018427,0.34943256795988387,0.031506587741073136,0.270935960591133
Model B (Diagnosis) - Dummy Majority,0.77995,0.2921243106079759,0.6835270681760723,0.5,0.77995,1.0,0.0,0.0,0.0,0.0
Model B (Diagnosis) - Logistic Regression,0.2849,0.2330159779911409,0.363636334273603,0.5008881149693835,0.7741877580326691,0.27649208282582216,0.19247442344373158,0.2927987338433131,0.03174786423458786,0.45081967213114754
Model B (Diagnosis) - Random Forest,0.55695,0.3245912360012007,0.5947191921960528,0.5016442508982247,0.7822985261837566,0.6397204949035195,0.19578470649712593,0.29649169084674226,0.023952095808383235,0.05901639344262295
Model B (Diagnosis) - LightGBM,0.3789,0.27334394429220604,0.4545456193091114,0.49940026577036245,0.778954081632653,0.3914994550932752,0.18969250757903855,0.3466103930361382,0.03000191094974202,0.2573770491803279
Model A (Unseen Machines) - Dummy Majority,0.7805355976485957,0.2922474932746393,0.6843287154732736,0.5,0.7805355976485957,1.0,0.0,0.0,0.0,0.0
Model A (Unseen Machines) - Logistic Regression,0.2680165469192249,0.22135306889198414,0.34369514399684276,0.49411979114377536,0.7868995633187773,0.2513249651324965,0.18604651162790697,0.3181818181818182,0.02573340195573855,0.390625
Model A (Unseen Machines) - Random Forest,0.702373176573046,0.3275115036412286,0.6716864108880415,0.4895630980649776,0.7817589576547231,0.8702928870292888,0.1977401129943503,0.11931818181818182,0.014084507042253521,0.0078125
Model A (Unseen Machines) - LightGBM,0.4435009797517962,0.28885327105497227,0.5107799773756626,0.47380948666945616,0.7751452838623156,0.48368200836820086,0.1826309067688378,0.325,0.021518987341772152,0.1328125
